"Длина хвоста, отн. ед.","Длина пальцев, отн. ед."
1.0248547189147315,0.6352145424578179
1.1788665859340721,0.5645103168122926
0.9264194049812103,0.5507440391535328
1.1473053139825247,0.44910720326411746
1.169223928347876,0.3974148703219302
0.8505569568774406,0.3959602194206808
0.9048111361850176,0.6200112118700418
0.8278183507284389,0.4525036734003723
0.860145924759634,0.5320045349764807
1.2053793458509143,0.46607872417578056
0.856662477972642,0.6079195440375441
1.0148698937368055,0.4839594083243057
1.1949008069097764,0.3933510491848101
1.1650445849270925,0.5315542342194616
1.2460109444305314,0.438571744536702
1.073314899690408,0.43236112331505117
0.9513250684757617,0.4660345824718401
0.9926160327879486,0.3761517900392285
1.1794714867912568,0.5253089477510832
1.0542941739032583,0.5902480193217028
1.125540364592791,0.4067264108361384
1.1996720329678308,0.3805653249995751
0.9496786534176472,0.38163105010739773
1.1233952220799488,0.6220562256271986
0.9654631138571341,0.16970704544127946
0.8947870505617982,0.3770925681226489
1.0032272228298795,0.4289208208208787
0.9981701572192192,0.4580510038160007
1.2311560663504546,0.39905829853552616
1.0657514564069417,0.46238866658698813
1.2094271479269574,0.7566031384248726
1.0739410124581077,0.6090506780715864
1.2838440127460948,0.40783917665637814
0.9792956054527373,0.5525598480766124
0.9221170486395261,0.4842619898775363
1.116313438663514,0.3636914192678955
0.9313937151086501,0.4330572465813236
0.8793007618701922,0.3809341107526114
1.26208624591148,0.6139693241613746
0.7091738823837044,0.424213501990142
0.8677330626176312,0.5619601117623196
1.1058199034088076,0.322130936738556
1.3381015324839463,0.4688882046233521
1.1257174232312375,0.4310767738963118
0.9027871034716393,0.6601269923411606
0.7799131390047391,0.6563940900348009
0.9962494528669944,0.5158450347789644
1.1872318515079454,0.483169735603892
1.0611714183798235,0.4442382414995431
0.7411230390126927,0.4602144684279528
1.0353420768721062,0.5707739143535674
0.9251593778884556,0.46416827930783083
0.7653052215740321,0.5873964382701112
0.9117318594028607,0.5902809411344717
1.0099042004967083,0.6596640653590884
1.1836692786010374,0.3728122309215739
0.9441612697187204,0.5041351418717787
0.9002201553121649,0.6295577879934503
0.9213705960318341,0.4352096589421683
1.175470943085581,0.717793279042151
0.9092422328795746,0.3683548205313686
0.9205607316745765,0.5374468170276891
1.3179123575173237,0.4531964274066477
1.093148404567769,0.513556109759146
1.1185345716671762,0.6514178049680714
1.1712784056104917,0.6319951134251396
1.2550375794754354,0.6468286475024827
1.0856564748700204,0.5284311497114018
0.8901542537034424,0.4477960110591899
1.0182704991647034,0.5019702167642905
0.7548900142030939,0.44055963191319303
0.9727235244933883,0.546716328733353
0.9980062181357742,0.6073016340183385
1.061839763237139,0.56199494440154
1.1685244804912536,0.3926757580509689
0.849198023424161,0.461025860302889
1.402120619351662,0.43664892817638323
0.9508854210247751,0.45977770744747337
0.9374005840625317,0.576131285096648
1.0893084478959103,0.6079513572270663
1.118555399838598,0.45755729011127777
1.230412637931947,0.4790725916599186
0.85479219158152,0.4829721715953073
0.9665195876782123,0.5390550284429004
1.0753848765485068,0.6240528961136416
0.8415325033570452,0.6545990658247101
1.036260788518614,0.38952629981513986
0.9295052007995176,0.4276682856467698
1.120039364043632,0.531944804874824
0.688170969189498,0.5253003871653493
1.0244922351318297,0.5753166033749638
0.9474585571017139,0.5445685760737435
0.9443094764924878,0.560131370976072
0.7920401641115076,0.4266553024246441
1.1585625288550703,0.4138953475170671
0.949315403115908,0.3483873944066094
1.0577410439756902,0.5877651251045324
0.8962914307899637,0.5363753196702142
0.7981696562282247,0.46561406457255305
0.9986491999872026,0.5298622203097976
0.9214819329764343,0.4457180695342812
0.8780602502844075,0.43464088110092974
1.0260633324608504,0.5405315055319673
1.339582072059465,0.4166512575885969
0.9302195994634468,0.5516429668726545
0.9149144551152022,0.5856301114970612
0.9426803716196631,0.5994938751580415
0.8786206532693548,0.5098088050388186
1.1670152153302567,0.40463756797741657
0.9730457835464827,0.48217407698384174
1.02884901748106,0.5733978328104664
0.9120664451044606,0.685143928736119
0.5796993839049214,0.5806122615530975
1.0360333895845437,0.5517031464386615
0.7956330882157199,0.5739985148000597
0.8631948983435216,0.4585156469638968
0.8383233528968445,0.30431593377339017
0.9805521482518621,0.45521504236797333
0.6940035320407063,0.4218391414521314
0.7713790042442509,0.3766541284499854
1.0219027514520949,0.43805974800111536
1.3087567615941824,0.5997047669233704
0.759896365087902,0.5542049981833054
0.9922623783982061,0.5822877460350527
0.9670839222604299,0.5287886541009462
0.7483202232364711,0.5404411442155249
0.9727150625305284,0.49793216762321135
1.2408351041209151,0.8173562966830537
0.9679223919394679,0.23209048380805958
0.984221143366528,0.5381725068283315
0.9190520390861728,0.5797042493288671
1.018987478229536,0.3281983500585537
1.0804159554316999,0.6880307389363923
1.028056796923334,0.43503429163687063
1.033015225343676,0.48091050779518224
0.8698770695274484,0.5705889696201404
0.9935140768978487,0.6584756791636505
1.0905476162575927,0.554429123495622
1.007099435886816,0.42236227657515246
1.3835589413805147,0.5451034325918349
0.9329944748060467,0.5879694211527228
1.1729273665170468,0.47877952517561484
1.0009839767564592,0.4330040017823009
1.0751015360838465,0.49567336702638903
1.2896004237669747,0.3308081987492464
1.1266074530579524,0.44353794268047664
0.8677097453431377,0.5416709831255541
0.9092979284936277,0.5071403773149395
0.5839812708506573,0.3184495902935943
1.0405303611102381,0.4401430954084269
0.9730692334854855,0.6000087696813418
0.8615384434046595,0.5299230644132653
1.0422121469775742,0.5271561304788648
0.8547384541092896,0.5843347337116066
1.0664297987814852,0.4212931476951796
0.6697302240705607,0.45237324141357543
0.9594161486129384,0.41749140034120186
1.0403651670279324,0.6149237321593687
1.0079521137264196,0.5786210469980446
1.016341897098368,0.642449883996006
0.7925945812229157,0.6199375172054186
0.8820767103448562,0.48650789456169935
0.9902601501244879,0.6237987920282508
1.2351921816500049,0.4461389053279638
0.9558611460724602,0.5432097478753557
0.9188741019779494,0.28767564775634136
0.8428801490520411,0.48355732900698095
1.0039800582564709,0.5130681532000416
0.9384896402782522,0.7076861966531198
0.7111534804722728,0.44465154348876523
1.0858848921592879,0.49231568192997627
1.007356736108976,0.6160873232728985
0.8766053023775766,0.4383804544026872
0.9614302614557761,0.5492674278767657
1.1817104617101808,0.41702948030839093
1.0063785207330291,0.5785080743292471
1.1300656936087534,0.44676618932252155
1.026450964431133,0.5353845621312526
1.1526930747362205,0.550915559447556
0.7414902034109118,0.36791006013505295
0.9820642032145187,0.5550014028817611
1.0845578160668528,0.46189884177177726
1.061141927704182,0.5981885987773403
0.897234097389499,0.4396873270938564
0.7429615360491792,0.5599281980296931
0.9304466151918132,0.3589698297945416
0.9380327047996201,0.37390908486023877
1.0379502016155002,0.7221166373104186
1.1005290594598196,0.44218582013016733
1.2499268758839632,0.43506231520751026
1.1435371378544006,0.5821865550014744
1.0965518259055504,0.5657977691617587
0.8912400916936672,0.46161630028186
0.8894105082382657,0.5207618086425595
1.0420888224088358,0.5353440952546644
0.9959108095750451,0.5624283482707623
0.8357107508153854,0.3329584235511154
1.066411854973826,0.246085823717958
1.0378252388987665,0.4585316230280208
0.8727858705562321,0.4485926985969991
1.0778362012234974,0.42481666733687884
0.9577050583438627,0.5669434726253204
0.9584668079547989,0.5246676450490876
0.7186556557972894,0.57259247694124
0.9458156664291939,0.30850142350293996
0.8379739198342873,0.5447544698586259
0.8611048446760666,0.6223842967009318
1.0706775879942632,0.6692517358654104
0.9906009012683283,0.539215723827394
0.7979960102707131,0.2841937824489652
1.1386352872546046,0.47541410071669843
1.2457339799377285,0.578009719199452
1.098447828469655,0.48337590009365183
0.8454774441666506,0.42087218554136935
0.9241592386143012,0.5791304751476799
0.8626487593265428,0.4846365452013826
1.1676581295758992,0.4069286398037936
0.9750060567309504,0.4138754635134608
0.8294635896269412,0.5021453325975445
0.7943706604748738,0.49964968365489526
1.3146202182620972,0.4399501957303138
1.1046545535363999,0.42073646963181816
1.0909896170154625,0.17023377670914996
0.8392374925439772,0.48971856187299345
1.0600976960861035,0.534092315139756
1.1619532417285086,0.6231946869194714
0.9787148524448701,0.3416171146919377
1.0016873772373596,0.5033300780061613
1.0656779654604576,0.4015267687639849
1.0748778270791404,0.4915822002841742
1.0002755739285099,0.5875762901636188
1.046651446323828,0.4980146007650848
0.890214121916148,0.5377374048430084
0.9878238948775313,0.5982953808633051
0.8474304724704413,0.5566234720281772
0.81656766112181,0.49160667017345583
0.9670491081330831,0.6652108217638244
0.9362514912832424,0.45469267301316796
0.8686149993215252,0.5159459857255834
0.768562583880765,0.4680552818060377
0.8283818186343327,0.3930021741268145
0.9841883664911284,0.4396090839285764
1.1133509135741808,0.495299599108028
0.7094859168967138,0.5214228294930697
0.9216267671631486,0.4727312784247657
1.0918603253065955,0.41356595811542124
0.841630301001603,0.4347394972597619
0.9122414070332235,0.4617000463745043
0.804523237357758,0.4387190854612291
0.746599168012982,0.3405903648653842
0.812963519471034,0.5340177571292766
1.1999832716836007,0.32655952412149825
1.0430427767158696,0.6245733767025419
1.034854781659404,0.35083227876723666
0.871655295579277,0.6838918274098371
1.0501870473872583,0.44777407122012114
1.0355461133724673,0.6741118804288814
0.8468265034349406,0.4474041161615661
1.2023929073818866,0.6330611213475335
0.7797397746440399,0.6602243676704351
1.2333718442354753,0.4138354423702701
0.9397342518236426,0.6397658502326817
1.1104597872662754,0.4902208272871553
0.848222045183721,0.3470262108954154
1.0354877025987321,0.6823221107194738
1.0611387686715574,0.26389310700925755
1.193414610927722,0.5601119428238635
0.9894057329871336,0.6492833184581507
0.8729078812672333,0.4012430762850345
0.8866157581035405,0.395831106757208
0.9324693621628845,0.5648421532212908
1.0527490188550486,0.49403769317356
0.897864501012285,0.5911338068298694
0.9825361139726102,0.5403060384186172
1.078523506306199,0.5779791656502016
0.9751610004428164,0.48604190062627994
1.064847481707826,0.5390585702194255
0.9535854766037304,0.48061361102387845
1.0359936556423273,0.63495392003776
1.1280297566522188,0.5347065440305601
1.2743616643442257,0.5651267761134844
1.023443629826602,0.7508106525894747
1.0203626141799866,0.63121814679101
0.7858672637321008,0.629211048549274
1.1742362353515867,0.6345425603577479
0.7821561279766536,0.4911529734080649
1.1094235622529172,0.3736661563154835
1.055905138851048,0.48575034487530977
0.6982793634005655,0.6162458948274218
1.0155120817754295,0.526215001965846
1.266994255914812,0.6006239607097608
1.035285639418435,0.5949265481201862
1.2354905896912534,0.42060720014290015
1.1965625936840885,0.42609383762810554
1.0458058773036527,0.3248989299800723
0.9976239482871394,0.5870184295714616
1.1131875735075172,0.38258371880905473
1.1529083364893709,0.49247855509815336
0.9571582612700452,0.5661875333998476
0.914674994804981,0.6104643882538432
1.036965966982024,0.448944182865471
0.8082701089223744,0.5643812474606847
1.0110700632319607,0.6150906423938929
0.9715409290483934,0.5406068605928214
1.1656383336127738,0.4703268654672608
1.034075444500715,0.5175693046612758
0.9158474298184002,0.5655603344919786
1.1881590357593088,0.528642858632579
1.1048761221757493,0.4068476288944658
1.010555296043046,0.5765069758473695
1.4470112680374316,0.37286080819770195
1.0672658998947329,0.42865662701052376
0.9446325267317744,0.5285493735294391
1.2394777185837345,0.6050936457560132
0.629383715002559,0.4610082315520089
1.0554456835041681,0.5457914677998243
1.0404546697746662,0.4881470028387115
1.0719447101045605,0.5835408909618603
0.9324670583706677,0.6581064101230619
0.8063699514092937,0.6893890511377869
1.04271854692827,0.5260226528510391
1.119371783844545,0.5150919174930144
1.05981483397809,0.35122220262744663
0.9434825853011697,0.6638844559009798
1.1118637284650716,0.48983993422420086
1.0475521007224355,0.4643175925444992
1.2452570428851248,0.34647088493441214
0.9045778115309203,0.43225630641885615
1.2284256972337095,0.4495806265194564
1.0481843131876212,0.3331073460523218
0.8532044652381755,0.5533899234891826
0.9803215836921891,0.5086484377541323
0.8573713037000246,0.6609301443647209
1.2054902285331957,0.49367239565335747
1.2394719235665983,0.4699983448546628
1.2890459642123546,0.5734753279173695
1.0649557836488024,0.3577312295924617
1.0347794029107624,0.8523932491786321
1.1534107063760313,0.5869577140681528
0.8112054778630657,0.4332008833684266
0.7391222527902874,0.5530485719793672
1.051845708660301,0.48984974010941845
1.036863876317597,0.4457096847172949
0.9935032269592661,0.41966711136868223
0.9320734557688726,0.3960401050437723
0.8639441878014293,0.5313927069400189
0.7368330887937076,0.5528743574222809
1.184132927882574,0.45317436770041
0.8163232234186807,0.6985441758692478
1.082432782330643,0.370043911994803
1.4754859839599797,0.3515207459427345
1.1109897354408345,0.3986576151502982
0.9164073130746644,0.37991713435978114
0.9626215246630946,0.5172056512389518
0.7837024317353458,0.5824103479620828
0.8613594681712451,0.3376289095913564
0.9632464399304352,0.432320153078084
1.0488444277250433,0.38982884738625995
1.0324893684734926,0.27622008682265115
0.9989227979368877,0.36226858317520827
0.6052845317023996,0.40429917428373446
1.2306124990830531,0.34597819034975863
0.8822241470477963,0.2906729502032341
1.1740838585507585,0.6005281509128766
1.102556968646075,0.6493779752178459
1.1458608351870931,0.43102439510410884
1.0046093077636116,0.4026658209268519
0.9889547045674263,0.5514200910969618
0.8719365408423846,0.5659782649654912
0.8851578195067304,0.5206621873372719
0.7964749922929097,0.5917184401795421
1.032337797712656,0.6775176499442612
0.8928334236109269,0.7309371928261938
0.832546492840568,0.4808605988127045
0.8547194187693956,0.6607253213158487
0.6406867183081443,0.42922674257357624
1.2843223871514662,0.5373487676587768
0.8210406364185987,0.5762382293173072
1.2294641321967594,0.3559558710812736
0.9555808691833347,0.4185504853318648
1.0075258630848845,0.6279329085145859
0.9339357776174867,0.43057635772997943
1.1447342355641386,0.5032360566789735
1.1926693152373637,0.4888277459626308
1.0382772085041336,0.6943072624683351
1.041787943479289,0.47830816832499085
0.7256173533336783,0.33821268954850336
1.1223514458923285,0.456608312968141
0.9784660375973543,0.41426926256626756
1.145211409019853,0.4905512395059842
0.8462230841701575,0.6896575013783954
1.4081084134354331,0.5338587803322162
0.6856552262396847,0.5827373473300934
1.1171620113008056,0.4672506327617437
1.1500362063646214,0.5099066589871254
0.8016410851579161,0.49109923533424465
1.054536790399103,0.4354012771154938
1.0992185957179876,0.4069930748336509
1.219370605094617,0.4650021679071909
1.079173321392067,0.6170098388263674
0.7442713474753704,0.5095782520129855
1.0407453909281394,0.6449731283959674
0.8800902877367228,0.409867881835964
0.8759563242090264,0.4532011420948634
0.9869436851019787,0.6561010310708754
0.9896279001126602,0.48611903643915877
0.7190039014548273,0.5398118052499574
0.8528867413103935,0.4098191334163076
1.0851208648185215,0.4408347675588535
0.9223004257060721,0.6219991840845882
1.1871684807001417,0.5159553045237354
1.063719338830476,0.6183200042654189
0.959914380110216,0.34797730783169617
1.1310450633861373,0.4512686247345901
1.1136228682166895,0.6492044620414039
0.9283759945228253,0.5807484799968039
0.761844487844813,0.42976186845142883
0.9935983126277798,0.6003398212857632
0.9290861734508501,0.45072283002647895
1.2513789677389475,0.5628459957672688
0.9897854956732011,0.3486088502916131
0.9806532461041007,0.6327592644357602
1.224397890436765,0.6085339588725249
1.1010821884412991,0.41450666582558054
1.158094658712427,0.35205290675961465
1.1860035509760585,0.6288527400742904
1.1417082870935429,0.6920078323154865
0.8092813005893874,0.5315078400539104
1.0371298863326972,0.37569789907756584
0.9712090935286551,0.36282490999113753
0.8039712645747504,0.3992436305984793
1.1445661500442132,0.5811809576661935
0.9314525575446485,0.5664763402334584
1.241216045252533,0.5994600186659051
0.927900349559836,0.43271910624811843
1.132237581209751,0.5610434431670033
0.9039016371417441,0.5719272278761613
1.0538445122072848,0.5003242035823029
0.9927941364072754,0.4156189778224806
1.1151704675453995,0.358534210218282
0.8779945695620814,0.4548135591921481
0.896153508869658,0.6188185731055871
0.8944898627292205,0.582031824987794
1.1453834942646335,0.48380977101616485
1.0999499619129793,0.38545533879285815
1.1979396243064404,0.5133906469006639
1.121956984972193,0.477791268321145
1.1895562786402853,0.4204476336613123
0.9615512623085161,0.5219916992358735
0.9319366275100888,0.44369028603655825
0.9147279763215703,0.440463305155518
1.019858846429717,0.7324378383672884
0.8947619862414241,0.5216946133063957
0.6481802584364891,0.5686486228588415
0.8502287215822144,0.5728189751416067
1.0406724567671772,0.5722380587089496
0.9481371607628813,0.579238838834359
0.6928645613199498,0.2891554771521422
1.1539770134138934,0.42630244425152736
1.0611643882897737,0.4230023125672975
0.6907102923658197,0.39669952991093754
0.8866198611743141,0.4032461537711841
1.19662022791896,0.5130393888196754
1.126772625858943,0.4995534395015301
0.8186574870105023,0.4273510836727752
1.1418223540283785,0.7063931764452852
0.9715319383650775,0.5484200154590083
0.810701810587573,0.5413148938229168
1.1629211013009781,0.5999371637480964
0.8572072631550186,0.5532697741719287
0.9022886213479056,0.5240094244505248
1.2869106856989951,0.449812383547436
1.263112863933684,0.42675914234984064
0.9092229936281191,0.5525168083284884
1.060279892077853,0.5086525383195204
0.784773606989459,0.6663623216848796
1.2343736548798625,0.3380468346818384
1.0402991123283107,0.5414727596304458
1.0461093632875749,0.5411127998971967
1.0893094089555446,0.3639953216709224
0.7279918961109784,0.47036019654285705
1.1122740050944206,0.4876887219079449
1.004131687420321,0.4600667818919208
1.0443108580631792,0.5244735944890713
1.347514376190698,0.6257598327849992
1.038360138920458,0.530110225545298
1.1975832398250952,0.2237919018666567
1.159070954756311,0.5427644772150448
0.9527296183390126,0.3547582836828539
0.9376780303893028,0.6009464621297296
1.102669367275924,0.4980293947207232
0.9808380282356846,0.36425934967304685
1.1532697022561278,0.5480109266946697
0.8739742551259846,0.5758597701633907
1.2500236210305864,0.4996241697890485
1.051319382804398,0.5428829268101595
1.0366335626302101,0.5943993492369664
1.1617360239685421,0.39257425750248404
1.2984988484394901,0.554197330661158
0.9227207464747285,0.37500085979771625
1.154520069592681,0.4919420089729999
0.8586807732110556,0.3422933680779785
1.093656973326884,0.45660652164476445
0.9574787185808183,0.6048675218101393
0.815161410804466,0.5477401840658571
0.9007107207179145,0.5481899566000538
1.1020589491563124,0.3537292664517611
0.8364518377855585,0.5179221432335357
1.17372049473773,0.5028503018691864
0.9848604930978028,0.5473955306502394
1.0076331234508606,0.29272934466191103
0.9247041811622232,0.4727346936185566
0.960218669331319,0.3537054138352709
1.0632302035833716,0.566968419844908
0.6374916937951873,0.41053921295258056
0.7864631105456298,0.6727126132054564
1.0326278424545359,0.4380509145985894
1.0861591408651725,0.6873211884609596
0.8395660053446927,0.48732019032100493
1.1916060125436378,0.4734610425093251
0.7317648395158166,0.6885540070578101
1.0439666922888018,0.36663027993698016
0.9168243996220026,0.5448683215728005
1.050512632123978,0.5565357019776744
1.1886953765728125,0.5249383831214103
0.9194582515977197,0.3951532428313658
0.8018535953883901,0.38023045395815847
0.8560946915889183,0.6401049332111095
0.775907474295424,0.6630161451692667
1.2692097064510421,0.5297398459782544
0.06385598445062361,1.0316737969929026
0.04932207890197816,0.9311833685000523
0.0993454905567295,1.0271423895972118
0.04566040585975961,1.0186106300570672
0.0731598819284377,0.9573076430274428
0.037797698681226316,1.096177085996512
0.0767112139512335,0.9839476606473343
0.061762153186397994,0.9649545406597575
0.07804115205649674,0.9320012348979104
0.02814590398239231,0.9990052386237129
0.05450242621122376,1.013722713320539
0.07567097487847976,1.0006517680307734
0.06888243602810064,1.1431948902831737
0.027383696290088366,0.9821733205556459
0.07789388203170765,1.0382334919636773
0.06942730911702948,1.0385917447835709
0.09638888267820331,1.0451831629337225
0.0643105372041954,1.0433088649451394
0.07250043581777048,0.906097366495985
0.026258014725019426,0.9422048004785526
0.06855086818245643,1.0469702509286274
0.07765468929173058,1.0517477602472578
0.03233025102604537,1.0033734717566714
0.038609318402183804,1.015346225154954
0.10075593923387882,1.0402842416496558
0.04476610899888081,0.998633196036904
0.041906036352146625,1.0436825838775319
0.09345918037023859,0.9644386471073743
0.010198470949595334,0.9522867092251497
0.01743567660097911,0.9322618285280082
-0.000354052987338746,1.050032970016069
0.022177682027598383,1.03023994261018
0.04712008124765457,0.9326358475502319
0.06417675457858324,0.9961673343709487
0.03904012799352988,1.0300247709123387
0.07459675385423266,0.9561825620964328
0.039799020780268646,1.0677688443938056
0.05431965203721554,1.0164721395946015
0.04130072520372415,0.9978031257457151
0.010984773494565593,1.0590856943773823
0.017186320921470703,0.9298406512824748
0.04445158581509469,1.0738754781666042
0.06856944640770604,1.0147083148209342
0.09495934548071658,0.9709257128782123
0.06574624845558753,1.1046555439851584
0.08203309951020804,1.0145301194600982
0.05658393165128293,1.0082962160863658
0.06786566606068878,0.9842829080551752
0.016060997577610814,1.0194082411035938
0.08828069548843817,0.91171492956965
0.1095684836194994,1.0179618563742423
0.032160905002377296,1.0421972688992422
0.03388454350354299,1.0406312233256843
0.06202176152675899,1.0919468946698072
0.06189240754268743,1.014116310456036
0.06786696382369997,0.9927347914642655
0.08269270472059945,0.991452194824963
0.002143675948436223,0.9176433169456015
0.06183786982538454,1.036324839864021
0.1467090518537347,1.0234856004642425
0.05396150378810233,0.983958859090059
0.05702111645337417,1.0458905329609312
0.08321796286454436,1.0662224041541828
0.09601042125768136,0.9206005799283469
0.1052690570142529,1.0420195709720066
0.010461784486254594,1.0813092351171867
0.0745023773530944,1.0069514378656603
0.08825006966534196,1.0084193213021417
-0.000762384516564095,1.0822487925616522
0.030378057672855292,0.9454361063887644
0.04362636930904692,0.9687027073690356
0.07280215801735333,1.0228574717404322
0.0660010754617802,1.0086853450098474
-0.01960071108328522,0.9659216393636205
0.023705886160869813,1.072548259407914
0.02407004923321364,0.9355845971123581
-0.00591029466364576,0.9682383582580607
0.05939397707912976,1.0055967945298718
0.03940518959925052,1.0180105594239854
0.05698760293582557,1.0272354442936338
0.0983965021023889,0.9087577656783893
0.02710621470792645,1.011658890227832
0.00562176103863677,1.0382011791717258
0.07862054227033849,1.0441203714320584
0.041131490409921756,0.9922148062901351
0.04698804592080502,1.0377444842346137
0.03291053151575632,0.9513992913190914
0.00684688966358879,0.9949320177564145
0.06865158079240415,1.1104952097585645
0.021674828234451333,1.0047536364094023
0.06463254208148729,0.9190484587569656
0.05099056024023911,0.9765506230773157
0.005395520880102117,0.9930269859549968
0.0526977629417309,1.0028365170157962
0.010275052146539877,1.0057467581181416
0.06954986369182434,0.9956335298673432
0.048656575235910826,1.0465317371100036
0.08683350955245656,1.038694741023497
0.08218716536899578,0.981881039720706
0.08262412847113942,1.0313448404989745
0.007457966523662554,1.0651362620294733
0.04360686100674902,1.0176767394039996
0.11935352588882289,1.0266851683791236
-0.004969259919323385,1.0010286707806566
0.04477642121919113,0.9931975777368904
0.011604035593911328,0.9060750594285398
0.05788180238931373,1.0191689387835274
0.10351241636471223,1.0636829045504939
0.014811080210094613,1.121949453431415
0.0610568487235091,1.026608550037511
0.027311514738870044,0.9661545733251644
0.019861677858215986,0.9176535432664265
0.08404911547100771,0.9934825490694745
0.06887275233057116,1.0632412502372757
0.021943650186512474,0.9922467731688369
0.0358484904387914,1.033106964714277
0.11429055071471193,1.0358255076733862
0.05614960640619853,1.023241897511939
0.03045072562879536,1.0317864005903712
0.07681807463445059,1.1319963084858617
0.035919968064550604,1.0006903898515276
-0.008138980657095327,0.9945406586476265
0.06758492228268811,0.9469796478274738
0.053282464993169534,1.0633135557146574
0.058878788291263695,0.9630041313294299
0.07041638447884029,1.0368925893192456
0.08138050081499021,0.901036356865589
0.006831167973702687,1.0139633866029707
0.07370082713288442,0.9648318577026971
0.04185445854584139,1.009111232099157
0.0341144657861375,0.9565218344266333
0.05371494191158337,1.0397790528572015
0.09777445773163101,0.9575761578319134
0.08955382153421693,0.9809030263415793
0.0540766751065924,0.9606878254031072
0.050115666511129774,0.9019812115507962
0.041104063558690826,0.9480867877475876
0.06533924206909343,1.046125796751253
0.14679406370530207,1.050145796393631
0.04528884655143561,0.9628926113724597
0.06656023224138219,1.0586934340412852
0.03719718136236033,0.9701115674092134
0.021444623077551638,0.9222553336306292
0.016808008832544824,1.0086416166588552
-0.006094188912037057,0.9512654819192581
0.07698754522925691,0.9151778521249454
0.049665518638825165,0.9699095067852076
0.0872161040661387,0.9522792835820182
0.051466307137928276,0.9590547371228382
0.078516912169713,1.02827842406146
0.049266288319027934,1.013252122777441
0.062225911378307706,1.0164928275522787
0.020990030752308535,1.0896149929959098
0.052132939729753254,0.999113622423192
0.06666422338327595,0.968754391087471
0.04316653428322669,1.0533614118460424
0.05842047159591478,1.1143407543872879
0.011659660802330142,0.8511381188891289
0.018867534467935505,0.9574588658675037
0.04418915700145464,1.0260663051360412
-0.0006262697426602931,0.9654748375824759
0.04216162261187837,0.9301140387254607
0.05884378146858663,1.0404913125812965
0.005620691898996451,0.978788683708903
0.00627201465322455,0.9480279679970808
0.03373721685366103,1.0360072057749896
0.0332764781736062,1.029574106021073
0.028673007313203595,0.912992727169814
0.0283524427472425,0.9979170299171943
0.023063203769962206,0.936946421424031
0.03119331853262911,0.9870486463568265
0.08186253593727694,0.9920959608847035
0.05235770028836101,1.0132287567919382
0.046284918737754394,0.9666811645294562
0.07356467236578491,1.0129907169352528
0.056875820306227634,0.9622735359298509
0.06868665549801313,1.01182852112078
0.08648462210492494,0.9028773227020365
0.07594086348920112,0.927033915019821
0.04961041145927386,0.9739504636701966
0.05647037739392138,1.0144965113238646
0.045222152072294665,0.9289432094645735
0.04688448625758129,1.0734650765370728
0.07329001810705342,0.9511906249041073
0.09276091479455267,0.9766844027389824
0.044555644938318484,1.0574870645068837
0.12512694335147162,1.015649358010405
0.012454278395355914,0.9627672233119363
0.06262887818396691,0.9581849635755713
0.125433399037435,1.0062560392222388
-0.01738174845580498,1.0376224694541845
0.08007790255656322,1.0542143436983886
0.06623771268385552,0.9706299887307487
0.04206926231174228,0.9465216469282172
0.00640022674212596,0.9519626216574518
0.05677575650131162,0.9612287134940267
0.027133035798951165,0.9443185063260545
0.05310495204781502,0.918773392873811
-0.0045728546387999655,0.9811900069299638
0.01050826443168617,0.9477621327577789
0.05470973756447417,1.0091761770128198
0.04689255079509007,0.9341477982769583
0.05135762718138207,0.990916079622967
-0.020732910969118473,0.9475065494590639
0.015814649885572574,0.9986060451589368
0.042165490839772696,1.040959173662422
0.06504284086246787,0.9358381113128492
0.06503860533534259,0.9356822989581856
0.03819050168408486,1.0771583157797386
0.027137531355932998,1.0917363910511795
0.05224148079353179,1.0488416964939615
0.013693030748960104,1.012835037011343
0.012339592176628084,0.9900892822675691
0.03563444019878824,1.027859706184831
-0.00458946168687932,1.0017990995180661
0.05044788621824351,0.9452884898153292
0.061397156252134925,1.0508468017010406
0.03646932076290709,1.0157480979512241
0.0410333547884677,1.0165344159441072
0.04474972122207076,1.0250903721875058
-0.0007088656814790706,0.9344822583575831
0.05850705983329065,0.9977291473228385
0.04881529412285188,0.980904357974954
0.029967571751645158,1.0147357834418913
0.0167957844895677,0.9573369938319702
0.06688578385684084,1.0115193437748244
0.08288365452241075,0.9606678839448657
0.07800874552659318,1.0498913933154101
0.016502124518079267,0.9919441403285281
-0.023886197457138755,1.0254925702529716
0.061502610910551335,1.0369265415899669
0.07263082709464523,0.9501662766204414
0.06887777240203548,1.0271953486603045
0.1282660040912721,0.9892813977396203
0.06485514532323716,1.0256728363572718
0.07684084149687835,1.0609797862555128
0.07140288270134397,1.0680894773990404
0.00956505238568061,0.9935598086185703
0.08674487661123045,0.9458971654500049
0.0743297764340187,0.9486078270532639
0.0068792666404489805,1.0039757562969176
0.003728723303384633,0.9687183037108369
0.04704228046377986,1.0174863005377863
0.08321588233714199,1.0961706510707867
0.045685016237821716,1.1346843049107405
0.07204556258478188,0.9891713121733277
0.0715227563295169,1.0020487543950347
0.07503324877689693,1.0440854195559464
-0.02458718776016902,1.0630480243522886
0.04675143230441022,1.0080941431793018
0.003246973384497226,1.0565752160683681
0.05612195229212849,1.0226614117390962
0.07633139449619951,1.0466979456247623
0.05087141097391637,1.075145665333073
0.06891476710519234,1.0130454668031696
0.017426732809524628,0.9748171765976027
0.06660761284868388,0.9612154197013766
0.04548334942874222,1.0183417284120682
0.037020413603028365,0.9203530100112902
0.022959096996585368,0.94934654046176
0.09990327230014226,1.0336478428496028
0.08308595168791669,0.9659014191071605
0.04058957383014006,1.0668629848594373
0.06842482644888397,0.9904993018988262
0.01911504744512695,0.990604090451151
0.04858392015357267,0.9780493779837741
0.05821974978855281,0.9456033390679149
0.026150713391427764,1.059726675785189
0.03054434935351326,0.9370637630263203
0.057169843403162945,0.9743378367722536
0.0475962932442122,0.9683160046034008
0.04871251091536868,0.9596456095132367
0.08070349844136585,0.9952293626780505
0.058253269803811875,1.0067258212263093
0.05074508711957496,0.9638183088527355
0.7274264156192973,1.9633788923785414
1.0885046849425477,1.9917934785651843
0.9593251102512956,1.945949354176587
0.3606589647995394,2.1696903090062065
1.1949581640378466,1.8584428612386914
1.3487799516332892,2.151253914102183
0.6031802918607281,1.8794030892386553
0.8874989732303966,2.0127603496561046
1.2060312165553464,2.027499117434371
1.3350644264287133,2.03242522160364
1.1131437689583399,2.035361670912906
1.2271168119689093,2.050865169925292
1.2584966920585323,1.98198222921527
1.1617411267049285,2.036367233498928
0.9850641585039239,1.8906405976678278
1.1117306021356894,1.9018739742057356
1.1530800540695771,1.948168463513805
0.8251078660059369,1.9383889491259438
1.1283891545396034,2.075817762460212
0.9541290360200567,2.040856624870659
0.9073651306154076,1.7562396405172578
1.0416462311785524,2.050833676925783
0.7960672913894279,2.0241193171269476
1.4002027357322278,2.0916687773762623
1.0655882896503919,2.184255126261294
1.0320141987681473,2.007303033906723
0.8271450931827236,2.0551010123006006
1.1063593305459325,1.7631609075201304
0.7351555514308662,1.8642649079648004
1.1508870612353481,2.0660095297648944
1.326696400770833,1.8205064886451363
1.5482847972741662,1.960352683661537
0.8879918177792946,2.0839326468270922
1.0233681386937197,1.8763635902677063
0.9687289592572421,1.7685406188884338
0.8124066168842108,2.0216775071112805
0.9104220113587689,2.030641687917692
1.012186415160168,2.040392537702477
1.1620319846767404,2.002273699883307
0.9204875143950546,1.7879495947144213
1.6196547651342512,2.0178032928831753
1.0238948706260746,1.9602577652891353
1.0469766397351379,2.0508942184192662
1.1765838903695223,1.9794557465721252
0.8820410796531348,1.7804156113075726
0.8312957584373493,2.1771129257530784
1.2154824272499543,2.0790098242348862
0.7161608997431026,1.955662175481123
0.7088835833226499,2.166421608663613
0.7447751397193532,2.211950715083157
0.9198094127425968,1.7820782732919092
0.8057891665067386,1.8516476732112401
0.6458530975412053,1.7995165765034127
1.0826069003921786,2.181396954767408
0.757902647282177,1.9624590541268745
0.613605414801822,1.8505742825511091
1.1938039905305537,1.7806556667273417
1.206009242029787,1.892641749060749
0.9248248209121517,1.8196837657788376
0.9514612552739602,1.9855315633686792
0.6606820600347258,1.94109081535723
0.8806377748736286,1.9687662733394293
0.6521418179584966,2.3104270229726
0.5754208152759424,2.2210796152919174
0.9517574525791621,1.8187816588389203
1.0865687058558675,2.1153333720500744
1.0820978425695815,1.8557795717846068
0.40296353247893246,1.9361868696171247
0.953426464019027,1.8976533093856962
1.2383871607003898,2.0338534899837355
1.4742919270863613,1.9579002843471418
1.117317076308018,2.150682438617773
1.6235900328983188,2.042006574340826
1.1423644790241603,2.0655568590755142
1.1880736421284543,2.065599967738611
0.9171827601532184,2.163674096000192
1.0509615590579315,2.094807987577331
1.2680820902343695,2.008234424803183
0.7552734562398229,2.032644873525452
1.0564336338346432,2.000960497936686
1.2367684199472726,1.9766275016470747
1.4160109948966202,1.7931883024166846
1.6278620674075088,2.169475306827171
0.9331593012718715,2.052818765668522
0.6603574054585022,1.8586966063905705
1.0019558465164657,2.053212060229563
0.9606524321656417,1.9706479635425207
0.8666702572909581,1.9065922433327727
0.4870084669159067,2.1565887738820746
0.8137165657822023,1.931558723841965
1.1208321253749447,2.240871447782587
1.326561380796368,2.1759432248339348
0.8955291264945208,2.2448574894521505
0.754936111641253,1.9381275027039406
0.8119992525557751,2.078346654507137
1.3163258847873007,1.955519988287188
1.0774026157855119,1.9622586549737178
1.506645275781843,1.881516047676464
0.7180230535244461,2.0698528456952756
1.4304983096707744,1.8845360420378332
1.6667174186575866,1.8789979486859127
1.2579064655165535,1.8385485336605976
1.0589044096377311,2.0319848641674487
1.4047132036045644,1.724296638468059
0.9585706479132502,1.8789695210080992
1.2490080987343242,1.8863309697409585
1.5378717806954358,2.182794075170534
0.8516973596506661,2.078244477697286
1.0684703383824696,1.8970650619218992
0.6608848012260496,1.971089293576321
0.9951482558511148,1.8999383554542657
1.0948936060650252,2.0552060968551435
1.1327709642825634,1.6697708615532296
0.7951717109133773,1.9359104309793462
1.2338585818179364,2.048016572060401
1.840759333753999,2.0145098938873973
1.0012891783477214,1.967841126724478
0.5350715994810086,1.6776704971431982
0.4219811575507114,2.154466245767238
0.8465266105723737,1.9182962949353692
0.9235168147678818,2.084223172685343
1.2050468296103314,2.007806609893621
1.0235372411263726,2.0351191168435285
1.2967866930975656,2.121474246905777
1.4385499559509474,2.121164970742123
1.4436571949637105,1.4805050007082252
1.50780744735876,1.2592839349312004
1.4964942445662512,1.3613820313200575
1.4167451933505475,1.18128149138139
1.4961054800520217,1.7954145682967177
1.5279418742238837,1.5702946325081288
1.4987207939423706,1.4345347027745126
1.5064244007646843,1.5396552217094084
1.4298559887962152,1.47890731769328
1.4887158501668127,1.6056211096242983
1.545941574969786,1.7160978474841366
1.484938698826569,1.5095603806221636
1.515523233218944,1.7775232842963287
1.5304970408714464,1.3049430021073396
1.493420725537389,1.3075878735485542
1.478555535606681,1.821785021603803
1.4860416905454243,1.3651956710666082
1.4898276310117982,1.8730332196056665
1.4795702756905469,1.3973537807247256
1.4816303451613912,1.6626782971499887
1.4870509856163046,1.554704977386745
1.5400057662604238,1.5873385092455425
1.5091344231998456,1.0462674101112244
1.5171757868242592,1.51345446137704
1.4669201406446981,1.6840764693336356
1.513668301134104,1.3758625417777612
1.4886545681948447,1.3812252985785685
1.512102678256429,1.4767211709128327
1.5335512472120667,1.4777779151444108
1.5219245313235095,1.4576786679823306
1.4953208823122053,1.2386646559077925
1.543751974397749,1.422073283019
1.450496053830056,1.297953136655544
1.5270748920925978,1.4540769934336928
1.5030786028302952,1.6974838418660543
1.5028670865341922,1.3496395136276627
1.4824131775375373,1.3263624002139782
1.4316014980396785,1.1130299242401862
1.4759481577584692,1.530918109765471
1.4985528411004336,1.570090159554137
1.4722656480864962,1.3862001438124953
1.4293736144082088,1.3763818789100992
1.4886979019220763,1.4918493499803007
1.434895362331436,1.6165469407970576
1.4735659172532287,1.5945860473923832
1.5033349518161934,1.2169045480140863
1.4787172349385262,1.5781625680830247
1.4701764180081711,1.4265234906231805
1.5165649781773427,1.3715560227249222
1.5202932345016398,1.7144733670352788
1.4990357774896037,1.436390067568948
1.6003058238244157,1.2649561861051875
1.556253407859775,1.7117078055001025
1.499696887383243,1.5022412801637832
1.4669627970158405,1.3555540914862274
1.5199951982052642,1.3380256319328878
1.5286062472978394,1.5649130793974297
1.4837835305818579,1.5260998518763462
1.47008520295509,1.6371403858066025
1.4212097469114446,1.5020957301334628
1.4799074953645908,1.5376137373116665
1.52375279943353,1.7155654189690372
1.523381048573471,1.7937561298219518
1.4708863087258799,1.6656011805837534
1.5393475470611255,1.1966322343258413
1.4634049128873714,1.1814307222146525
1.5044101222659558,1.4282668665516725
1.5161862770718388,1.5892094782618786
1.4691086553920731,1.645595281665504
1.5468812482744603,1.5881938730073217
0.3841603605001817,0.20709803147109157
0.3514084872752643,0.2151962839728183
0.40121103775894135,0.19972697429639338
0.41407865258675436,0.21002899344463058
0.39150423349917196,0.23178025568360186
0.5071385873102936,0.18143270073955656
0.41733137286875105,0.23130184466192388
0.3816287449982975,0.19061383550015096
0.33056746237727336,0.1904578916614404
0.40857211320550857,0.20244277503204572
0.42388591829934574,0.21087761795119314
0.35362453324354143,0.19764838206059837
0.3768867360013711,0.20312893610949276
0.39646544851887117,0.17956543656568014
0.363130176806665,0.1756238899221116
0.43043161235137345,0.1934763371782566
0.48581633366777693,0.2164014066487203
0.4533495022980549,0.19613842203895965
0.3589122869543621,0.21470296392005866
0.3765351676997975,0.21396939345275642
0.4077779740087138,0.22692473795405138
0.3617047693919724,0.1717633972544096
0.39018397970015745,0.14099754527817068
0.34278640027851764,0.19490417051872386
0.48677826005904223,0.23140864926851826
0.3940431163167052,0.21582733090734105
0.44342229100246344,0.19225541059079132
0.41234817172697036,0.19789568031722993
0.39736224753591676,0.18562127890500246
0.3342225985058036,0.17238835023723398
0.49242089194689864,0.20432713885659934
0.300441256321231,0.19623893606888135
0.33583666137939105,0.20315588390170927
0.33936500109294654,0.16682117661720505
0.5156837450117507,0.17544772617574103
0.3676518559715732,0.21791807146463554
0.4803345606989558,0.2138729571155189
0.3541438812515066,0.20935635135246586
0.46502087274100706,0.21549287757886137
0.38064503265041627,0.18912433037300935
0.39598227504905814,0.17134242083158985
0.4536032093154169,0.24862344154154276
0.39911675349402265,0.22317343422940022
0.33958133272125957,0.17223499915976126
0.4557304918510001,0.17912864912516402
0.4169226518930385,0.19476253575899233
0.4454334972160491,0.19006239938983036
0.38467745826580185,0.21264228800722407
0.31141913963109763,0.18478502328625715
0.3753716660177734,0.1805011207267804
0.37728357322865486,0.2349019136033086
0.44889402192295264,0.2273753122033546
0.3950450861045215,0.23291986909132692
0.3546814540820923,0.23102610796845077
0.37381785639999376,0.24743926582747236
0.4272085520945742,0.18858223830397342
0.38506352175048736,0.21993805901693908
0.40881128541402256,0.18377768349884052
0.4043431885385895,0.19183445520691275
0.4129256950099514,0.228591609405144
0.37726742630322585,0.1875438293971017
0.4377602601292404,0.21714274412557785
0.48545399831847275,0.19077318075215405
0.3285203122036401,0.22912639699111378
0.3231155445068389,0.20780031238605612
0.4111635651900772,0.19773479976985928
0.42186432548012187,0.18200625609344823
0.36885182859629345,0.20077348477574097
0.44022444021160057,0.1798038256831335
0.40208362806171793,0.21417678857568073
0.33509683899179293,0.181341588512303
0.4153263645237183,0.18140498977965236
0.49119261985144785,0.21517881764750718
0.4367610217873853,0.18632676613322116
0.2928545233801334,0.19770620604475025
0.396195686921055,0.16861371364632502
0.5162533628949882,0.1940155921007549
0.44101690913165814,0.18042502564046328
0.3941697915812487,0.21600150164125634
0.47087629358516375,0.20917654563415994
0.4089048948618039,0.22182343047844394
0.39885451030132824,0.24271109100253102
0.3654607594255785,0.19063695437348538
0.4822674215222206,0.1831773735333086
0.38489572007859946,0.19223276449647364
0.42484934529342655,0.23340367399763323
0.32814152384776535,0.17195879924922752
0.4696050876019486,0.20558887544907548
0.40665055254966337,0.23735079889133492
0.36120998024797835,0.1827856847939511
0.3564922149264044,0.16471456292987918
0.33352471286906593,0.20747214447107437
0.4774214320247445,0.21751272945193612
0.46767414394762663,0.2046027275698693
0.3434121358758797,0.13166376817990225
0.4204508308819076,0.22143020628171836
0.3551788521676794,0.1980808714014102
0.377548652093876,0.20721780071949553
0.3090355223985403,0.15577363205134
0.44457696148815307,0.1948713656779677
0.3918637733390023,0.1785260122717397
0.4830335500175678,0.22304088684279075
0.4024202555899508,0.20393462219285874
0.37669925956225003,0.21485737066135263
0.23988778288471307,0.1838090730718509
0.3911907340608899,0.18898371202930975
0.39905051192670593,0.20845208728069864
0.30497804710899973,0.15761817832634245
0.35885035352176453,0.24736416728278138
0.364895520840301,0.16350118837520955
0.38772393241299896,0.1982593521726058
0.4430460534372349,0.20495057857772173
0.3965422194080492,0.2052089996167651
0.3823667107562413,0.18963680263460747
0.38695513765368506,0.2035918646960672
0.3835592391497817,0.21970305246907448
0.45743032317958865,0.19800594701895544
0.3298245832631206,0.18649267923684484
0.43271376434175873,0.18793646271845943
0.37108015627424484,0.22743319281827476
0.533536478884718,0.21123779516194013
0.38961727426474746,0.14779703366015284
0.32049895771027925,0.2170994851682136
0.42308814246339116,0.21064466525699962
0.4205884615251578,0.1750767881064179
0.36388657042060596,0.22582451521990932
0.4399848578158333,0.23732265196434987
0.4068199050645599,0.23383700214506511
0.43075896925010027,0.1527583872901453
0.4985973165125264,0.1899123460781492
0.5159764698136213,0.18074416256887546
0.4377038239142495,0.2191210259851693
0.3841949200811892,0.18090580401333736
0.4178481122395956,0.18577030984435203
0.29978559318266984,0.21525083433777772
0.3730382140416251,0.1988753953229176
0.3917291283964403,0.19113916314602386
0.39917643058640706,0.20545937869640704
0.4431170139403038,0.18927602556415174
0.4652506696949713,0.21156387612740551
0.4141461572133564,0.20089196430428632
0.4504867555715714,0.17389397552304425
0.4437226559726505,0.21581834678353012
0.404162337737784,0.17999087591459656
0.40334862030640933,0.17993769847610736
0.4040991394253013,0.22368087489414815
0.34097742041803225,0.1925737460810321
0.38878568692774274,0.20388462000494542
0.4079077250893229,0.19361466953619935
0.34734028429144836,0.25264683177205594
0.41990309548234084,0.20816521344586789
0.3514190962758731,0.16740406752787657
0.43503071655567327,0.18696113749083815
0.33156459429066176,0.1818432080387589
0.3346894936213502,0.16248702725490868
0.45349505356665476,0.21664521644764095
0.47152236667063085,0.19097649452880677
0.4791187425358703,0.21107732858526973
0.40028790461497965,0.21986858231073125
0.3258663973226869,0.17911594179125756
0.4564697915872436,0.19170284779570587
0.44279873880057535,0.18305944900663418
0.4600907719287289,0.1991940855659679
0.44368575263377313,0.213555920265396
0.43401001053450816,0.1683179531865361
0.4032653147438888,0.21046681715817295
0.42817007158952913,0.20481161236911036
0.4385741860043252,0.23320502948355226
0.3781868825168577,0.1869283180982011
0.33616012979572474,0.2067541612579421
0.41860266972659993,0.20620539088144865
0.40391559539255245,0.222106210203461
0.38710994315379726,0.21436121205592445
0.3919356439290769,0.20057318001293695
0.33409388562451164,0.2082364298368675
0.42475514581301166,0.19494729926793097
0.380528579097462,0.21645158275011764
0.38075602558994276,0.22773994128250663
0.2966607348147674,0.19023394793632592
0.3472187004960186,0.22722000796833539
0.4450742592040907,0.2178548201033048
0.5026083444835789,0.16282146770766692
0.4203083616789797,0.20576528386369142
0.35682280550858614,0.22382547426655916
0.4231085838601842,0.16438525600715087
0.4410463223971769,0.22579672899692682
0.4556566988699283,0.18219941637567785
0.3542629782388056,0.22500144469597755
0.3595123179014629,0.1710513281490169
0.32617551234712594,0.22155188670963544
0.33795874338443666,0.21592615271593874
0.3755202741036152,0.2083838807865573
0.3600221510395736,0.22403723058803654
0.3834543409239056,0.20299636579875815
0.4336678835703331,0.21133642034965106
0.43033775580430983,0.18302845041145493
0.3776281414653439,0.17977921066526228
0.46282552929418624,0.23517292986470678
0.46165646050802944,0.17727198367616678
0.41737390995082285,0.2259644399187324
0.2806023402707427,0.1941746391333764
0.34046260222567565,0.18337342225994302
0.3320294913394816,0.19452527801763528
0.49119015654417,0.2168242397532254
0.3268540156912301,0.22742361490858604
0.3932219070585238,0.21693615859849263
0.42370083426418603,0.19556502179781052
0.4264110307729218,0.19142333347442783
0.49694640215491914,0.18863930172554633
0.39098713542110347,0.18552546200802458
0.321799983374777,0.2098225146850354
0.36132242882081217,0.19430691849317136
0.41153201843793424,0.19277306433252323
0.4267776452392516,0.18952099169007625
0.43762493712880346,0.20752279696314885
0.4542240422652949,0.1658406921013822
0.44869254055768765,0.18974813645232416
0.4035770725785079,0.18233054953674432
0.3989816979832929,0.19867157200939597
0.40024017004937107,0.19486952012065112
0.3440864870018705,0.17967867545596922
0.39568068881494217,0.19004402004855708
0.419994365820793,0.2120592404955233
0.4183370647433708,0.2005682831151448
0.4165101442344604,0.20120492959620978
0.45480186169370634,0.18231225124475733
0.4098841613935421,0.23194223205195497
0.4191614421021386,0.16787738548796693
0.4143329179450247,0.2295904371850034
0.39372419731655917,0.18047946563782943
0.2964819474917025,0.19711318033315506
0.34354282270090497,0.22880846316964407
0.4388228343100667,0.18973996519330524
0.36757590709673577,0.1712670310485843
0.42822907851931713,0.19871387913218186
0.4747767933258998,0.19057468180856563
0.353653949515957,0.2066661181484874
0.38136958342589933,0.19850181598360414
0.3948493768693978,0.18430477315282448
0.38180673921211356,0.189112763871347
0.44915677746021576,0.18867560114585738
0.42242012263330597,0.1787420154776699
0.3305727063243285,0.18856154227313057
0.36953460588667514,0.19148339105046305
0.45009512796611145,0.18552767753089414
0.43798291031513714,0.2180077175688462
0.35874645976396347,0.22016991762713836
0.3767112198334996,0.20281006054117073
0.44055383640475176,0.21443308625185473
0.3977154254499178,0.1969572661181591
0.3500403521089348,0.19842117567062215
0.4748282944787633,0.17547205003173655
0.3870380188485166,0.2065614525016504
0.39258860105741256,0.1808040275763068
0.37255177885347474,0.2110534898182309
0.4851195590651396,0.19785596426253713
0.34780186367043503,0.23193754260826382
0.36290572890022615,0.18646127094641832
0.33434506695478544,0.19772305346108618
0.4582703412644938,0.2293801530486829
0.49202225005790595,0.15089787719824035
0.485219273551384,0.22570552456080117
0.48118177738353696,0.2119552369513688
0.36876580518944935,0.2151463531559779
0.3734112750639525,0.219359535704216
0.4184766677985777,0.2037342658346122
0.43119829770243046,0.20181781355350015
0.4381873897218662,0.17708207282204852
0.4094072781763447,0.1901809895995807
0.4363101206850985,0.16082337278170972
0.34722995758757114,0.2167704732037762
0.45557487769271127,0.17427197724522459
0.4478144671407902,0.23531090227262283
0.32570004631302896,0.17771727197532453
0.4704498059485356,0.18730709507478138
0.36093755868653477,0.18646467514862894
0.3739679525325693,0.2184470195266018
0.4600510262225611,0.2155669515538407
0.41335058000782315,0.17422938973792756
0.48303838206549143,0.211417128168306
0.4837651803095687,0.18419616333285438
0.28794391530434704,0.19090198359090918
0.3769761929562948,0.16760564317739332
0.4342836436621563,0.1578930946778348
0.3469724321382963,0.20440050141346527
0.4392700603309052,0.20448554172542208
0.4473133386950821,0.1969136459409082
0.32802797463129985,0.18555486934596607
0.37165219838586494,0.2371181529900038
0.39184011135693353,0.21030162448944198
0.3425403194320338,0.1909016149776525
0.4182016119708946,0.17715149790098275
0.36118170381869324,0.21077430458884963
0.3955108727217237,0.2135694873805777
0.39361605646174913,0.20256936785419621
0.4140216741149725,0.23459990433294647
0.31907609277817384,0.18854030308776487
0.38454916494661595,0.18066349387807412
0.4584121506192175,0.20143631427567796
0.39383593977355946,0.2263301627647339
0.3623635662633277,0.18544473711102755
0.3814860527150661,0.2442331743673342
0.4287495028139383,0.2095337668810896
0.4110746008491644,0.20486336564017307
0.3971340863254909,0.20798236086451122
0.41139564896074154,0.18999468136575992
0.477150280851023,0.1936141658146404
0.3285093838319623,0.18427090104146762
0.36044609879232903,0.2087454705866767
0.41418772663757575,0.17946452141649946
0.44807852254054864,0.20765042684460372
0.34285962362502653,0.20964146406696568
0.4107756293547009,0.19768319626239142
0.26401182182744265,0.1927600142222057
0.3975492008892941,0.18472968141200277
0.4550949811077893,0.1800650888758252
0.3973788183322742,0.21656378548908042
0.3518681665208505,0.1927298813058603
0.37962823224797115,0.17482749722995378
0.3508320081102145,0.21661839828606635
0.42437858997693984,0.1980475157028846
0.39028960387942147,0.19896904020477718
0.45882503852037815,0.17687862237396032
0.451838730741735,0.24398506840651663
0.45762583385811667,0.1768849979139625
0.48920445260274775,0.19792343538732124
0.3466975978963575,0.2007470084571785
0.4239850494095677,0.20797192165891257
0.4306959907804471,0.25311499643834867
0.3951042105464256,0.19206266890610554
0.3648863430283482,0.202243478963582
0.4023220091175427,0.1802143674589782
0.42746438011095633,0.19838171340750016
0.2882229747651861,0.19694557694261194
0.3991299521546462,0.17140334687363826
0.4405382137344451,0.23477882060354155
0.39331920153273364,0.22246224338833548
0.39882920633318886,0.17968955950754695
0.46362328637377653,0.18225178111904838
0.327694975608517,0.1721775666339395
0.3540735469307103,0.21050719438785734
0.43661259191039375,0.19921127080488035
0.3804134563532838,0.208157081750529
0.4323632335723882,0.18305806136676345
0.35138601538767267,0.23174163415933174
0.4143131409424014,0.22409271854588322
0.37896852947807136,0.19056917899989811
0.44199289270277436,0.20057958340034004
0.40575978513136823,0.1969709375907764
0.4497254428680886,0.19854172040610146
0.3284331068187742,0.16432563227662422
0.42678581137138943,0.19665703771764398
0.3690493991663516,0.17424143331560452
0.3950073745802791,0.1932038499515993
0.35175757393021806,0.18493330516592316
0.3751189270077049,0.2222997265792039
0.4060824389899675,0.21766855316816774
0.3833879462017954,0.21418496997541575
0.43297045597618694,0.19112259767005782
0.36783814717788216,0.2080059167197053
0.41564864870242535,0.20142583986645624
0.3732567233740963,0.21828198671602286
0.361514676994242,0.17643649301487088
0.4198078585172429,0.20278883966785788
0.41441899474038957,0.21179519978648118
0.43588538723392045,0.22676877976317206
0.45428362019692803,0.2011782817032998
0.4031021565081572,0.19260405519112092
0.4412821298358719,0.21132459289324076
0.42290584604632847,0.19580734687355902
0.3442550024121534,0.18057011002059997
0.28386665734369093,0.1994660298881423
0.3232802715499064,0.173456829706686
0.381860429462379,0.1660779342191893
0.4346667074238,0.16468428393706314
0.4373023761874839,0.20066643745637916
0.46225054995907955,0.21159544913107664
0.40768295447194786,0.22554546952506818
0.2938843850347103,0.20584294588190188
0.39526946672351604,0.1859501947049557
0.4951084533672738,0.25360067153809085
0.41502236131587483,0.23760598382211606
0.4406872491102022,0.20893629362750782
0.4460362230845325,0.23543109121109207
0.417185858096219,0.1881970148409146
0.42114441963251126,0.19634728108032232
0.3767034814662449,0.18657159106866372
0.4649962523738253,0.22346190248201023
0.42875698603216333,0.21463081449639101
0.4123839168942933,0.20554288670706514
0.42681254984315253,0.18314580309085723
0.42656872437457033,0.1793902358908328
0.3412106758701244,0.20180211789837496
0.38437764931523377,0.18763554905167412
0.2693624696276379,0.18460551590944133
0.3838677459523429,0.19978662890307977
0.35512919848516344,0.1894880013078123
0.40822786436177533,0.17469188675938152
0.38986174715725674,0.1927811893872252
0.3907439317667465,0.18487659019238706
0.44936901415026836,0.2046058672684964
0.37908769553228333,0.20135435895284917
0.43658600753240473,0.21263562504871925
0.4186855598087805,0.18563662612452547
0.4371540661189233,0.21224969396188043
0.4310622156044881,0.20087729615535377
0.4044821150680726,0.23717221174606998
0.4242993087532696,0.2239652176017647
0.36660253888116806,0.23187616271563183
0.4002238357429692,0.2015009054055835
0.3806401516130568,0.17628149368419951
0.4580730451213877,0.21100224174294263
0.36943089229013515,0.21479395486885502
0.4391447030608773,0.21464519609676727
0.3091714634906339,0.19005926636637024
0.4341982260215864,0.19930582587128015
0.4641863422778646,0.1845861911059739
0.388188302877116,0.201859759384512
0.3938667205358296,0.2034803160527231
0.41333215809613383,0.21028813155525963
0.3976914551007356,0.20186500662481638
0.3589560198021651,0.22561769072420335
0.3584634919048631,0.1801592059343894
0.4263747069718781,0.20457164746573375
0.3364961236920534,0.18574243708533025
0.39734013055889433,0.2068906029676791
0.36345857434139234,0.17676192919697403
0.4390870471819569,0.16556287665757802
0.38384425053592297,0.2146443996501623
0.3826316211349663,0.2147276824931469
0.37132061704626895,0.17050597618232347
0.4172948406104682,0.17053650400235973
0.33856681131907973,0.20934868511552
0.4108754144779355,0.2224669960776927
0.3256317898809526,0.1870812619968636
0.5146729037340529,0.1828227759027256
0.4372742263310023,0.20619615143500472
0.3416166436171681,0.1893972118263124
0.3649353014041359,0.2224558409403013
0.3511781857131213,0.22061158003437584
0.34108405311640544,0.18826555943060616
0.39731317354699425,0.18278769429925956
0.4718874867690051,0.21576760013367116
0.3993545397712052,0.20827419886444734
0.4092543244390834,0.2488601321282139
0.46589448125057115,0.19735933645389694
0.4940909429336319,0.1960533554016163
0.4131991033967401,0.18580493186891345
0.30731014121019423,0.20644143369852994
0.4534008011895661,0.14671840263423042
0.3221346090693912,0.16069813197480298
0.4737118958277795,0.22410760372780908
0.34020045457260795,0.2424950880979701
0.48065801920737594,0.18565945324686933
0.4188852194306226,0.23279356278936772
0.44304872288377245,0.18466542948620893
0.3092064715824444,0.20212212535968915
0.4562536400317846,0.19116888432728235
0.45263534980344333,0.2267644933996842
0.42342322778841346,0.20097469276307375
0.40610606713838066,0.2225028098016299
0.49830420343453585,0.17287511286005655
0.36314495042344574,0.16592975157569648
0.41814064943816975,0.18948592373778636
0.3378819035918178,0.20474835760804586
0.44966359267686096,0.2132424505692107
0.5120655699068202,0.20162774058041766
0.3738748012082832,0.17398648229508393
0.42578298056256264,0.1979179903637321
0.42105863244419006,0.23564664192560114
0.3674673820431358,0.2172565764147852
0.3588216664346823,0.20160628135270173
0.42652776932752684,0.20221416714498996
0.44733479518573493,0.19166350447837452
0.3689347291620015,0.1932034609846265
0.31469399613843413,0.21161008139109713
0.4806811733858961,0.20111779766505786
0.5166267844311838,0.21196931111683487
0.3408118567256042,0.1862179217157791
0.3558246409559505,0.2104770778318947
0.3871996184979484,0.22665069098903287
0.45403079110917377,0.17225549829123718
0.47265659415848144,0.2057169345533761
0.45095296584035915,0.1820980997955943
0.3381766499988821,0.17718982843964237
0.3932265479659116,0.20428947129644126
0.44928124962704713,0.17021398934128337
0.368569885581718,0.19953606316639932
0.3836185712392383,0.20599704163406737
0.41439879462692336,0.19270238010892612
0.4015074892023061,0.19873704381831914
0.37011031985331727,0.20441820199286384
0.3916604202155123,0.1855759241074117
0.3924300639454536,0.211770543834684
0.4738895580916209,0.20065261474311374
0.35504876144015646,0.20267299267900643
0.3525721927887134,0.19786915822919
0.4438538214463552,0.2217579837684463
0.41262806296219845,0.18412499359934942
0.3860399459286982,0.18612817763631767
0.34548869536056764,0.21185771363342115
0.4166645493706295,0.17909585076510343
0.3260022545325125,0.19079832261762006
0.3279230161205669,0.2277468803115132
0.4059419285293368,0.2023053140156923
0.4328764823775946,0.2538979601039015
0.3819778071878353,0.23044769649748598
0.5009347199711474,0.2105007219802123
0.45433143560945655,0.21076795942462795
0.3664013018712373,0.21298938641034626
0.41668736567178505,0.22770463751102263
0.3626128065425839,0.18262980799946968
0.37900319725002707,0.2234324611658926
0.3623001671053071,0.19969799945797043
0.4050444244049016,0.2078755514427462
0.351065608071414,0.18901218462492
0.34109801495974024,0.1697788184247105
0.3739855615421824,0.20078011998847142
0.38002811764944144,0.18086402784618544
0.3494539960107127,0.2259833682965986
0.40777924541709665,0.18683455377639635
0.4199041625364622,0.19694886246482957
0.38050781009239765,0.17857211498006348
0.3455608315776158,0.18411956900421875
0.4069873292714255,0.2143849342014034
0.3221920851313106,0.19211086609775557
0.4330692329742051,0.23966194627126064
0.4027895799028465,0.18681664914811716
0.42826118806285474,0.23974964464748147
0.4339698145896806,0.18974806611779205
0.49897402314381595,0.16771119016075625
0.42022893035487724,0.19544005883636692
0.3870456964551022,0.18377427265742724
0.3202938955964399,0.2230161873113276
0.3581435949446036,0.19455624297111074
0.37241700860251853,0.23042974330206906
0.507025429140838,0.204352527642686
0.4019726515869958,0.24178487848098348
0.3887424352525255,0.19238557519265476
0.4177126212597318,0.17674646084664283
0.3198200526624752,0.20754824447054307
0.3528287952338797,0.18670688581613293
0.3819118510527148,0.2002599900833523
0.45700277637155934,0.20614463363393798
0.46697362011131505,0.20519861910087292
0.2537852829751347,0.19383048358506272
0.33992857444530283,0.22245808116571725
0.4811866570791878,0.21755662632707334
0.39208200460705234,0.19849979524647376
0.3904778709909533,0.19179477842879156
0.35035872127421486,0.1911314073870277
0.38199120360625594,0.2027779650927358
0.40365707059407846,0.1855932040578788
0.2962435487670914,0.21032552674395585
0.39078405946708816,0.19891046042334257
0.3402782182591993,0.20671227604493378
0.3526772137719325,0.22373869698820337
0.4223400677136337,0.19916729730491523
0.4720789460558198,0.18502116244826455
0.4138412235308919,0.19951861977668225
0.4196729100912146,0.21707880749588274
0.4886756454188937,0.17319737941836136
0.3950548473143077,0.19069956087434545
0.4048949949299195,0.20437323140795066
0.40156242918982765,0.16503758314967917
0.41669441839349847,0.2263684291314845
0.3548163617464101,0.19466264754558532
0.40380204803039604,0.19188059981328004
0.40495519212415615,0.18454695319189623
0.44053414738489755,0.23032897839056063
0.43399462643358017,0.2185561717097307
0.4338678229020875,0.19857402012944161
0.43296813228645187,0.18696619673253567
0.3734957065420915,0.21615625460243496
0.39152476001021475,0.1910482003198099
0.4105776335545421,0.2043368747456285
0.40717007251420406,0.2102272692046401
0.446853884030005,0.23379609698524792
0.3682408472748057,0.2270902025618872
0.38528690334872984,0.21032247252783756
0.3770665627042411,0.20674253141825435
0.3555063259085366,0.17835490292178277
0.41065506212001723,0.21715843244535096
0.4383651575173008,0.19386372743925448
0.40701240039507763,0.19473615340460665
0.4053903390005722,0.20668977921694467
0.4226831236251416,0.1736195021086759
0.37269759100129474,0.18151430508214142
0.4377827184991548,0.16080228580061823
0.4573553331513169,0.209946423506245
0.34253607806836484,0.18173082592880066
0.47985763625977385,0.1746637886306148
0.39758876954833827,0.22948008186980173
0.40193525057370577,0.19687885451958986
0.4402676896409702,0.21595553344529989
0.5017788178558886,0.21829085713150032
0.4616667681324459,0.22236569825078986
0.39180016346748753,0.19099665009818032
0.36910945425796726,0.19622023271791375
0.3734843929990309,0.2003884733936183
0.43162525534062457,0.19841490350668237
0.4335862786028514,0.21044125184169377
0.29490563343899645,0.17982645271898254
0.47392117045439397,0.22105415830509836
0.42057329854237674,0.19594794495070655
0.40233015278943846,0.23773442527481925
0.32596160753212156,0.20925114548468696
0.35445424780959506,0.21695977391690122
0.36759341838713516,0.20706732829908467
0.41580040708818755,0.1781569678554841
0.35396062216711727,0.20376785889839505
0.42475168164628935,0.19265822368372307
0.41984417524874645,0.21633869790092838
0.3598903258051409,0.17976401499063663
0.3581549208258022,0.16697257928300738
0.37780447707927245,0.21658573938354933
0.4093832965236301,0.18618633198105586
0.4299037020020926,0.16864043207433602
0.4942827481486424,0.1998267259124455
0.4472284857332368,0.2201075657562926
0.4087587354854807,0.21956793567178234
0.3756316510421371,0.19445265612235393
0.4580572085110709,0.23268881211154221
0.3068442116714113,0.18577276743901494
0.4265681156358869,0.20901467229156243
0.33289363379837694,0.20895202785085343
0.35714015430752855,0.222226965692055
0.3731672999683414,0.2237037632968984
0.4484752321788162,0.19196500893901539
0.3889141174712426,0.2145767476804511
0.3704024036788605,0.22946900203293769
0.36081916301855943,0.19822834886039076
0.3389578835427474,0.19229280193585707
0.4316706291097072,0.17286661803728515
0.40931741225029594,0.14225911106904537
0.423031897473853,0.19416065506009025
0.3975755457377434,0.22705521409107499
0.41665735575560486,0.20064398903435499
0.4901399355547513,0.17345116155671675
0.402749564736637,0.19258672515327932
0.4614325538600833,0.21064404459586425
0.3384714463199795,0.16147345387723333
0.4453763104967723,0.20339431391414659
0.3050962644882489,0.21444762717608987
0.4043767216568771,0.20099405220199462
0.4611669708138403,0.19387338876919216
0.3401327337953022,0.20007259244588094
0.38211994622502227,0.22825680902986334
0.39105397202146236,0.16168967589816455
0.5080598697598235,0.1995572131268876
0.43295724925842194,0.18550679321222024
0.34407274601312166,0.2034202533665509
0.3486874108921383,0.21215008625136697
0.3634902380354367,0.21826639344473295
0.39961776990578,0.14058571728444436
0.41883225908259014,0.21560335717788698
0.40960815681327095,0.18800736345912256
0.4242247853326468,0.17899045681973955
0.3335049904110752,0.22055900217118607
0.3465737220962095,0.21706491562715394
0.4285853724349168,0.18366502004321558
0.48890868449770075,0.20780414834485034
0.43915139496258426,0.21675017691762435
0.4130952376451581,0.2212793994499606
0.3599505085930632,0.19884085968963677
0.36177658530032825,0.22048534906737732
0.4225982209111072,0.21598474002692733
0.3799787454702269,0.234450078492295
0.3695322330383408,0.20844541673848505
0.3110412292489408,0.19399028240310157
0.4455839945926686,0.18922412841979722
0.46443186124605135,0.2056657987971109
0.4626839910039212,0.1850519224873619
0.3739207684462923,0.2218911400069603
0.4169024283732021,0.1787647589385195
0.44633927494376546,0.16588196683321804
0.3917605114367131,0.2291610749305459
0.42283975793359013,0.2066757519289966
0.3955492898715528,0.2216646870545627
0.497239129904062,0.2162935464703593
0.33418649938119316,0.1850611445404083
0.3314210514263012,0.18045816005261667
0.4784425154990314,0.20293216279415027
0.3922211245742765,0.17391476820343252
0.3516834422409503,0.20353354043537522
0.37444606965936517,0.18426367035225033
0.4456250293108673,0.1813293210176124
0.3743630979572393,0.19854685828830398
0.2803985266720099,0.22432404117441943
0.3360708695065984,0.22429564813212832
0.37997826455478834,0.2002443846628164
0.45710436981935704,0.23247825211481388
0.32109242678794836,0.21106576617507458
0.4253980173957158,0.18872789146100039
0.48850882420148445,0.21049181478731407
0.3884487971487816,0.20265292053749484
0.3582854467387773,0.16731154054296352
0.35396649845092554,0.196346108937224
0.39761622491630666,0.1896569770612087
0.4378958408812714,0.18470703885392858
0.45674414795982593,0.1936527986937783
0.45514212972969126,0.20294371747528614
0.4091603840564482,0.1892440325579636
0.38008471230635893,0.18601395757282774
0.3147725367353817,0.195012835202856
0.3178578182624234,0.1871775692917411
0.4096782244187669,0.20742254068081858
0.444762944421021,0.19598116543384042
0.2727871617525185,0.1925267310537057
0.39081763207001274,0.19980194915626417
0.3783658786364058,0.20967489525071933
0.4311613909193178,0.2277460155659854
0.43809747841281765,0.22763030127363262
0.4829064690742536,0.18532759560660914
0.3775551677244191,0.16864011940934323
0.4952325586057677,0.1871879162702117
0.37368841273761827,0.19896025985889246
0.4539957099101817,0.19467732063120632
0.4153192009555771,0.21743212361541317
0.40567545062088645,0.19492046686957817
0.3240361074453373,0.2190444473902161
0.3913772506524877,0.19197383019719058
0.41747304519486855,0.1670968353766834
0.35398888404278744,0.19576560154861564
0.34884292857180255,0.17242305546286923
0.3577013030191707,0.2050567624846317
0.3484778270193463,0.21391135175141912
0.42568645083772827,0.20084072590005161
0.3347702595212277,0.17635536236846328
0.4212033315242628,0.207012106292412
0.4228656576066652,0.2116513132141686
0.3689647273509245,0.21021430113917383
0.4361457239712932,0.21713349341143212
0.36336893144210786,0.22358199485378755
0.4656315760597571,0.17373595117009266
0.3348549234194212,0.19425645214405726
0.41491835873984434,0.19508781286386118
0.40316104550758525,0.22677949018352228
0.4938433138771958,0.18133290860661114
0.4218391364176118,0.19691248194460065
0.5347583170593047,0.20585704908399968
0.5220057402537595,0.16925077862461427
0.3863055882307914,0.22776784248244775
0.3644991113484092,0.178867695621144
0.4100469770685027,0.17594317276063015
0.4253727447791864,0.2315368168734173
0.3646994282771914,0.1947845036984193
0.4075446828453847,0.2036370324817797
0.42281238743126204,0.20947216553782627
0.39059832188885985,0.2116415391069788
0.360667529288374,0.1839408455301861
0.46198423337291256,0.19155208309917654
0.3731408134153868,0.20521287245909559
0.414980490902839,0.20533278653000162
0.3443953760670495,0.197488789219563
0.30026688784605304,0.19305816461125325
0.4483407696937317,0.19515398653628124
0.34769669039648793,0.18381842860260664
0.5660492003579378,0.17762659680664222
0.3633957151600999,0.2331867559755584
0.2841535300882517,0.2154678709033054
0.3555923329686518,0.1874952041812773
0.4155335479484878,0.20038121680352233
0.3358573077744386,0.22275628005073247
0.4766196116133677,0.21367498215643943
0.34456972161548555,0.19219637440627732
0.3937901238013335,0.23454253625161087
0.4437204412232326,0.19041295001757366
0.43876795123767853,0.1928100101494236
0.3840344407159762,0.16294640845700678
0.3702301465682527,0.20746541522041229
0.4692240452459343,0.1855348452382433
0.4321489086599107,0.1799403694194228
0.3675003980524009,0.19703260945790554
0.3424505535609053,0.2042234510509935
0.4336903851490338,0.2074439993587185
0.42365264786606094,0.20245328419886782
0.2788894745802183,0.23053726758133136
0.36626892745756995,0.24458275246892125
0.3841322171053396,0.2018372522035896
0.2964726714467177,0.19254250840925285
0.34567036604378976,0.22427247278080348
0.3935156815369207,0.22552500021809152
0.3190392700950414,0.19627559050424184
0.3940266944692755,0.18788767198465076
0.3527534206882537,0.185947048594993
0.33977995867653865,0.2518786299971848
0.4038175571812609,0.17679874942848361
0.43793215850380807,0.1874642148363584
0.49200159985503467,0.1761292458056467
0.4070046976883014,0.1758487339829895
0.34108577708858534,0.22264782041120382
0.41286317416578194,0.19736831838425084
0.45549096183766985,0.15389646884713715
0.3775632387720421,0.19657355641654076
0.4675373099877828,0.2360925735045744
0.428585007948622,0.18385214935639946
0.3973962497144504,0.1858048908224325
0.4189242026618494,0.17742742858685273
0.349146615761361,0.1918917030992294
0.40195185612001316,0.18684674692563125
0.4131421077774069,0.18143870171191379
0.4096875419231338,0.21071254245857518
0.46312018860472604,0.2215687333305644
0.4536218155044829,0.18509239912003267
0.46395660729280974,0.20474480616954485
0.2834035136573445,0.19817846657566587
0.43903211939545095,0.17957298331613414
0.39036364341597185,0.15420772546469597
0.3447145181767212,0.20339076979557297
0.4127551401172059,0.19778417578597093
0.41427639327537713,0.22102430960324856
0.3946282779242809,0.1949476271402375
0.36504707616428855,0.21417526550696783
0.44230943391621097,0.2156330207181373
0.46310655376587445,0.21370430528321874
0.42253535154178457,0.19576194773055314
0.3722057603289346,0.1852745160038718
0.3919451073098833,0.20885705585738576
0.3222406975974287,0.19152475428539684
0.5136697318369103,0.18492443338698564
0.333076581901463,0.1760070219801946
0.3938241661528641,0.2175996310371089
0.3976425301973716,0.20412370955205209
0.37065500022216147,0.20818422662925576
0.33083616730548987,0.2081211207298757
0.3961238398111188,0.22248066335725772
0.4073950460401873,0.16712368386307092
0.34837183924744586,0.2050555272682648
0.36653801757757754,0.20140584784750692
0.5117201900435103,0.1985124659126779
0.3296462912391681,0.1975521640651049
0.40652411386100423,0.2026655236603002
0.41565455833983883,0.21542186991589446
0.4090414756416046,0.18351073442359384
0.3879519760632047,0.20059731750826734
0.31395644005060086,0.15865730820510693
0.37569239270577437,0.2274239010280069
0.4792467416499924,0.2267435536372031
0.40793204578064146,0.19689517121273462
0.417584251809757,0.20716582363104627
0.3200959029582646,0.217857146822847
0.42134417601382634,0.21238675934328247
0.35730019507532085,0.21630110266530533
0.3992561870859935,0.19165090482088912
0.37430759952295617,0.2034487055634924
0.47572868866481133,0.16651210218866597
0.4302795116483912,0.21945480395869205
0.40692648344506577,0.22621718478923264
0.3974716895563285,0.20465514715980512
0.4753661834106477,0.17937317235038697
0.31939547017813896,0.21741937420700277
0.4439455627920162,0.19632948215505241
0.415008319448527,0.20029904823149103
0.4219843240678596,0.19738272446354713
0.3022564632995528,0.23378120416935846
0.42756682361249765,0.1962706619445933
0.41954322467148863,0.18498230524801387
0.4073723402476963,0.20192774942961295
0.4344028297646906,0.19811423681303705
0.4130621822632469,0.18224671467142445
0.37070013174555466,0.20112229686286492
0.35596351819520144,0.193910993789654
0.3989902946692603,0.20735337789964442
0.4146430911913574,0.19513133632590354
0.47347563047756064,0.2263796284375867
0.485671003548924,0.20492443927613915
0.39240965463902333,0.24098229201230276
0.4063860037813482,0.1678260265140647
0.3182690812870473,0.20961554131024626
0.4458216927834793,0.17011527430523377
0.3439066295703417,0.1750112943402694
0.38324075838272154,0.14585977441573578
0.3747394987797399,0.1911582967119587
0.37581316637268836,0.19519519067334715
0.3467912275369359,0.1877050775522367
0.3696805391248282,0.22821775897882376
0.3892683730022442,0.22506097529748637
0.34670906866637285,0.20466102012734022
0.32420543472844054,0.18477348471705057
0.4515140904592233,0.19868907577971484
0.39610185927709923,0.1556304616654609
0.44069739579639766,0.2059011756709493
0.3783415441463167,0.1636510419253439
0.37498425901341126,0.2099686125226785
0.4190919474505829,0.2132728754666366
0.4008198282086177,0.17831911418815802
0.3503814613633242,0.19452123070045865
0.34177678067993195,0.19175589476150706
0.4217913788162562,0.204291246043744
0.4150730768090213,0.20904566636096292
0.3898446875059599,0.21064547181921167
0.3508629689917502,0.16505867060807525
0.3311932596491539,0.18648357200693694
0.4058056273745257,0.15641282230440445
0.3708828119697067,0.20990949605373563
0.41641416276714405,0.21719667463012313
0.4857866381762494,0.19969083242080446
0.4230478444833719,0.22284612538059478
0.5071422001492619,0.20936876427078105
